Fuel,AnnualSum
NG_A2E,1.5493401270231465e8
NG_F2I,1.247627743770489e8
NG_J,2.202843935362378e8
NG_K,3.706569987922493e7
FO2_UPNY,0.0
FO2_DSNY,159461.35919991139
FO6_UPNY,64922.32509058172
FO6_DSNY,0.0
coal_NY,0.0
None,0.0
