Status,Solve,Objval
OPTIMAL,2966.967545032501,5.613109489813989e9
