Status,Solve,Objval
OPTIMAL,5734.69712805748,6.990880773268639e9
