Costs,Total,Zone1
cTotal,6.18967689873993e9,6.18967689873941e9
cFix,2.9635319134018993e9,2.9635319134018993e9
cVar,4.5762974284760064e8,4.576297428475684e8
cFuel,2.6717823258902183e9,2.67178232589014e9
cNSE,9.67329165998018e7,9.673291659980181e7
cStart,0.0,0.0
cUnmetRsv,0.0,-
cNetworkExp,0.0,-
cUnmetPolicyPenalty,0.0,-
cCO2,0.0,0.0
