Costs,Total,Zone1
cTotal,2.889622159703351e9,2.889622159703152e9
cFix,2.667114735769949e9,2.667114735769949e9
cVar,4.4632343568439476e7,4.4632343568436936e7
cFuel,1.4920156933807358e8,1.4920156933807343e8
cNSE,2.867351102669294e7,2.8673511026692938e7
cStart,0.0,0.0
cUnmetRsv,0.0,-
cNetworkExp,0.0,-
cUnmetPolicyPenalty,0.0,-
cCO2,0.0,0.0
