Fuel,AnnualSum
coal_NY,0.0
FO6_NY,0.0
NG_NY,6.615040387366585e8
FO2_NY,589981.1455106685
None,0.0
