Fuel,AnnualSum
coal_NY,0.0
FO6_NY,0.0
NG_NY,3.764148615051882e7
FO2_NY,57448.99066063526
None,0.0
