Status,Solve,Objval
OPTIMAL,74.29451394081116,2.889622159703155e9
