Status,Solve,Objval
OPTIMAL,26.2381489276886,6.189676898739407e9
