Resource,Zone,AnnualSum,Capacity,CapacityFactor
MA_natural_gas_combined_cycle,1,7.034405180989371e7,15818.688590639578,0.5076364487903561
CT_natural_gas_combined_cycle,2,4.745570732186827e7,7534.151109575,0.719034979341352
ME_natural_gas_combined_cycle,3,19552.19140170995,278.855847,0.008004082911806053
MA_solar_pv,1,0.0,0.0,0.0
CT_onshore_wind,2,0.0,0.0,0.0
CT_solar_pv,2,0.0,0.0,0.0
ME_onshore_wind,3,0.0,0.0,0.0
MA_battery,1,0.0,0.0,0.0
CT_battery,2,0.0,0.0,0.0
ME_battery,3,0.0,0.0,0.0
