Fuel,AnnualSum
CT_NG,3.378846361316672e8
ME_NG,248895.92504157996
MA_NG,5.2268342775163317e8
None,0.0
