Status,Solve,Objval
OPTIMAL,1967.9518558979034,4663.103804456725
