Fuel,AnnualSum
NG_A2E,1.54842016756693e8
NG_F2I,1.2489985162546185e8
NG_J,2.2035972207272068e8
NG_K,3.6945290040550895e7
FO2_UPNY,0.0
FO2_DSNY,159461.35919991147
FO6_UPNY,64922.32509058247
FO6_DSNY,0.0
coal_NY,0.0
None,-4.21016581537319e-9
