Fuel,AnnualSum
NG_A2E,2.0437515619374108e8
NG_F2I,1.727157968007821e8
NG_J,2.163246299829487e8
NG_K,4.35115965660708e7
FO2_UPNY,0.0
FO2_DSNY,130799.33726335244
FO6_UPNY,776849.3289922422
FO6_DSNY,0.0
coal_NY,0.0
None,1.8035869678973657e8
