Status,Solve,Objval
OPTIMAL,254.00518608093262,8563.497928111852
