Status,Solve,Objval
OPTIMAL,6683.146661043167,6676.025732557711
