Status,Solve,Objval
OPTIMAL,2886.829562187195,6579.425050366259
