Status,Solve,Objval
OPTIMAL,4836.2709329128265,6.990880773268747e9
