Fuel,AnnualSum
CT_NG,2.470893863393034e7
ME_NG,1.1333781535802126e7
MA_NG,7.80379985567939e7
None,0.0
