Status,Solve,Objval
OPTIMAL,103.2465181350708,9946.25790125162
