generators,Capacity_MW,Capacity_MWh,Inv_cost_MW,Inv_cost_MWh,Fixed_OM_cost_MW,Fixed_OM_cost_MWh,Var_OM_cost_out,Fuel_cost,Var_OM_cost_in,StartCost,Charge_cost,EnergyRevenue,OperatingRegulationRevenue,OperatingReserveRevenue,Operating_Revenue,Operating_Cost,operating_profit_per_gen,total_inv_costs,diff
NG 2-on-1 Combined Cycle (F-Frame),34646.969550395515,0.0,3.8958430925867934e9,0.0,1.792980674232968e9,0.0,4.7397659893058646e8,4.892172400213647e9,0.0,2.0712503356851986e8,0.0,1.050117731222938e10,3.277939705798376e6,3.766230108762208e6,1.0508221482043941e10,7.366254706945722e9,3.141966775098221e9,3.8958430925867934e9,-7.538763174885726e8
NG Combustion Turbine (F-Frame),12954.406420649335,0.0,1.3104824598053691e9,0.0,5.071650113684214e8,0.0,2.9701468797477804e7,1.663453442680649e8,0.0,3.143617537795849e7,0.0,1.707038414000232e9,4.536574431830527e6,7.05743077342304e6,1.7186324192054856e9,7.346479998119226e8,9.83984419393563e8,1.3104824598053691e9,-3.264980404118061e8
Land-Based Wind - Class 1 - Technology 1,49965.19343831967,0.0,4.161567443282438e9,0.0,1.621023132430664e9,0.0,1.6685088734008433e7,0.0,0.0,0.0,0.0,5.691667986929006e9,0.0,0.0,5.691667986929006e9,1.6377082211646726e9,4.053959765764333e9,4.161567443282438e9,-1.0760767751810503e8
Utility PV - Class 1,25930.402201271445,0.0,1.9223286897667234e9,0.0,6.162516561793551e8,0.0,6.091986191426072e6,0.0,0.0,0.0,0.0,2.402178557386132e9,0.0,0.0,2.402178557386132e9,6.223436423707812e8,1.7798349150153503e9,1.9223286897667234e9,-1.4249377475137305e8
Utility-Scale Battery Storage - 2Hr,13039.450125359252,26078.900250718503,2.1031838414293978e8,0.0,9.330238397014536e7,0.0,0.0,0.0,0.0,0.0,2.941723428542212e8,5.54522795544956e8,1.3864869825232705e7,1.7584091381210074e7,5.859717567513988e8,3.8747472682436657e8,1.9849702992703223e8,2.1031838414293978e8,-1.1821354215907544e7
