Status,Solve,Objval
OTHER_ERROR,2.056936025619507,6960.173501005006
